-- ************************* USUARIO ***********************************
INSERT INTO portal_seguranca.usuario
    (id, email, senha_hash, data_cadastro, data_atualizacao, ativo)
VALUES ('99b551f8-f532-40a0-b63f-094661844bd8', 'vallengeo.dev@gmail.com',
        '$2a$10$dT7kf2bujTwQyRJSLjOwfuKDmTssM99wquQTdujc8GBdvQUgjySFS', NOW(), NULL,
        TRUE);

INSERT INTO portal_seguranca.usuario
    (id, email, senha_hash, data_cadastro, data_atualizacao, ativo)
VALUES ('5c51b22c-4b51-44fd-932b-505a9428f4ca', 'vallengeo.analista@gmail.com',
        '$2a$10$dT7kf2bujTwQyRJSLjOwfuKDmTssM99wquQTdujc8GBdvQUgjySFS', NOW(), NULL,
        TRUE);

INSERT INTO portal_seguranca.usuario
    (id, email, senha_hash, data_cadastro, data_atualizacao, ativo)
VALUES ('f34bd4aa-94a3-4df4-9c1e-fcbe7c714185', 'vallengeo.cidadao@gmail.com',
        '$2a$10$dT7kf2bujTwQyRJSLjOwfuKDmTssM99wquQTdujc8GBdvQUgjySFS', NOW(), NULL,
        TRUE);

-- ************************* GRUPO ***********************************
INSERT INTO portal_seguranca.grupo
    (id, nome, codigo, geometria)
VALUES ('4d3c1497-af40-4ddf-8b06-d8f40c8df139', 'Cruzeiro', 'CRUZEIRO', 'SRID=4674;MULTIPOLYGON (((-45.027114554999976 -22.46901723333291, -45.027434312999965 -22.469714333332934, -45.027149902999966 -22.470226841332874, -45.02462205099998 -22.468772421332908, -45.02267667399995 -22.46839521733289, -45.02106727099992 -22.468083159332924, -45.01800280899995 -22.46805737233292, -45.01176031800001 -22.466593893333012, -45.00978929199991 -22.466368706332954, -45.001606485999915 -22.46863719333292, -45.00034649699994 -22.46898649533295, -44.998236278999954 -22.46916435833291, -44.995307840999956 -22.46826033433292, -44.992372439999905 -22.466253934332958, -44.99181413599999 -22.46617292033301, -44.99073466499992 -22.46648648533301, -44.99009851299996 -22.467868330333, -44.98937334600001 -22.468734107332942, -44.98848312199997 -22.469354420332913, -44.98681251399994 -22.469298654332917, -44.984033626999974 -22.46875899533296, -44.98226493899991 -22.468132915332948, -44.98159810299998 -22.468059283332902, -44.98040668299999 -22.468521429332935, -44.97752753499997 -22.469965120332894, -44.972518532999956 -22.470990799332913, -44.96984841099991 -22.471944637332854, -44.96795623999995 -22.47322265033278, -44.965859117999976 -22.475192827332773, -44.96548796799991 -22.476179242332744, -44.96557519599994 -22.47762880933275, -44.966834640999956 -22.480341108332652, -44.9669777569999 -22.481055304332575, -44.96694545399997 -22.481698001332624, -44.96663784299993 -22.483081798332602, -44.966363255999944 -22.48355887533254, -44.96599258799993 -22.483986757332584, -44.964893121999985 -22.484914832332525, -44.96349963599997 -22.485813144332486, -44.961367998 -22.486372368332564, -44.96066601099991 -22.48640319633254, -44.95628890599995 -22.485973827332547, -44.95435921799997 -22.48606529333256, -44.95100092300002 -22.485910819332485, -44.94973543599993 -22.486013202332522, -44.949054357999984 -22.486319041332504, -44.948056694999956 -22.4865831013325, -44.94681837899999 -22.486746047332478, -44.946002837999934 -22.486593265332534, -44.94509237999991 -22.48606194833255, -44.94445641399996 -22.486021192332466, -44.943984234999974 -22.486184676332577, -44.94341246999991 -22.48653058433251, -44.94300734999997 -22.486933203332498, -44.94223019199997 -22.488584341332476, -44.94180827999997 -22.489094325332378, -44.94067118699994 -22.490043361332372, -44.94006168899996 -22.49041489833246, -44.938481445999955 -22.49112889533237, -44.93806395599996 -22.491230060332388, -44.93747216499993 -22.491138922332397, -44.936243926 -22.491147486332395, -44.93568834999995 -22.491409227332372, -44.93538036699996 -22.492051738332403, -44.934830708999954 -22.49262349833236, -44.934182908999915 -22.493755471332378, -44.933261793999996 -22.49495724033231, -44.932551506999935 -22.496269206332297, -44.93221121100003 -22.49732879533228, -44.93210093299996 -22.498695680332197, -44.931968657999946 -22.49901948233215, -44.9312715259999 -22.49989358633225, -44.93092990899997 -22.50064698233222, -44.930087243999964 -22.5013500623322, -44.929394831999964 -22.50283305933212, -44.928613745999904 -22.504005887332056, -44.927244169999916 -22.505184368332106, -44.92661066099999 -22.50685142833197, -44.92514060699995 -22.508268625332043, -44.92486266499996 -22.508867123331996, -44.92478848699995 -22.509298875332007, -44.924878387000014 -22.509797068331917, -44.92650877599991 -22.513445908331843, -44.92735380699994 -22.516674110331792, -44.927363643999946 -22.517072066331764, -44.9273202749999 -22.517287146331793, -44.92698979799992 -22.51760345533175, -44.9257142559999 -22.518193711331808, -44.92517648299999 -22.51862643733173, -44.924442331 -22.519911927331744, -44.92434715599994 -22.52051435733175, -44.92429901799996 -22.522531813331643, -44.92367123399997 -22.525188193331637, -44.923582882999945 -22.527475499331565, -44.9234289899999 -22.527904586331537, -44.92225360799991 -22.529647841331492, -44.921792087000014 -22.532158642331435, -44.9212090849999 -22.533158065331413, -44.921099449999986 -22.533506380331357, -44.92111134699999 -22.534212347331405, -44.92157071499999 -22.535251217331354, -44.92174686099999 -22.535977103331355, -44.92160179199989 -22.537778798331352, -44.921667960999955 -22.538341010331326, -44.92191105799999 -22.538952491331276, -44.92497847799994 -22.54370211733113, -44.92502419299991 -22.54442698633114, -44.92475948399995 -22.54585682533119, -44.92479108699999 -22.5470615543311, -44.925032171999945 -22.547866261331052, -44.925686774999924 -22.548839972331038, -44.925431857999975 -22.549411994331017, -44.925455034999935 -22.54976952433101, -44.92585001299994 -22.550914007331, -44.92603594299995 -22.552466594330994, -44.926375251999964 -22.553140743330975, -44.92749377199996 -22.553652570330943, -44.92791242499997 -22.55400982333093, -44.92830835499995 -22.554726519330966, -44.92901681299995 -22.55579990933094, -44.92928040100001 -22.555982910330883, -44.929467017999976 -22.55602220233085, -44.929811727999905 -22.556094780330906, -44.92991929899993 -22.556117429330914, -44.93002686999994 -22.556140078330827, -44.930368011000006 -22.55637305933083, -44.930541998999935 -22.556688894330925, -44.93068497099994 -22.557312692330836, -44.930630024999935 -22.557429562330913, -44.93057507899992 -22.55754643333089, -44.93036394199994 -22.55768783533087, -44.93004816699993 -22.557899314330864, -44.92989317099998 -22.558003117330834, -44.92966099199996 -22.558158612330818, -44.92957335699999 -22.558291109330856, -44.929485722000024 -22.5584236063308, -44.929573300999984 -22.560271454330795, -44.92988034299999 -22.561110287330813, -44.93033010699999 -22.56149317933078, -44.930913325999924 -22.56198968333072, -44.93118104599997 -22.562346560330752, -44.93146208999995 -22.56272297833072, -44.93158195400001 -22.56372679033071, -44.931690226999905 -22.56398888033071, -44.931999444 -22.56473738633072, -44.93201010299999 -22.565432562330667, -44.93165719199993 -22.5661459123307, -44.931612109999925 -22.566430712330632, -44.931645459000016 -22.566695594330604, -44.93177752699993 -22.567762880330605, -44.931708433999994 -22.568595980330596, -44.931677626999935 -22.568967442330592, -44.93155727899992 -22.569108405330613, -44.93130452199996 -22.569130083330535, -44.93067933799992 -22.5686690873306, -44.9303946709999 -22.568598578330633, -44.93010647499996 -22.568699726330646, -44.929900597999975 -22.56895584633061, -44.92989982299999 -22.570001252330567, -44.92957270799994 -22.57047078133059, -44.92933817799998 -22.57080675033059, -44.929224709 -22.57230502633053, -44.92891937699998 -22.572754290330476, -44.927757178 -22.573596020330466, -44.92727479499997 -22.574321801330463, -44.927227788999986 -22.57513726733041, -44.92667090399991 -22.57622406733043, -44.926658596999964 -22.576469524330395, -44.92705217499993 -22.577428674330413, -44.92707473799993 -22.5784592673304, -44.927570028999966 -22.579412472330286, -44.927569146999986 -22.579942306330324, -44.926811341999986 -22.580973111330326, -44.92669033299993 -22.581463107330354, -44.92674573799998 -22.5820551633303, -44.92709553599996 -22.583205205330213, -44.927081967999996 -22.583764761330226, -44.92645745199992 -22.584915795330225, -44.92638055899996 -22.58535723933023, -44.92614231999997 -22.585866631330184, -44.925501895000004 -22.586712443330157, -44.92424948099994 -22.587324402330154, -44.92292070799995 -22.58832500933014, -44.92122929599998 -22.590153818330066, -44.91927764799996 -22.591983240330045, -44.91687000899998 -22.59353199032999, -44.91346279299997 -22.594975447330018, -44.91160439399995 -22.596187901329948, -44.91126431599997 -22.59655639232996, -44.910879070999975 -22.597239196329944, -44.910855358999974 -22.598936665329855, -44.910712975 -22.599468395329872, -44.910557441000016 -22.599742509329896, -44.909547559999936 -22.60052901432985, -44.90901950799995 -22.601396234329908, -44.908954085999966 -22.601854408329793, -44.909008304999915 -22.60231571132985, -44.909677968999986 -22.603165073329755, -44.90979987799996 -22.603987296329738, -44.90972314099999 -22.60416021232975, -44.90883211799999 -22.604740348329766, -44.90818299999993 -22.605301827329765, -44.907808508999935 -22.60582142532975, -44.90756696699993 -22.606525698329737, -44.906720521999986 -22.6103734273296, -44.90633497699997 -22.61117701932964, -44.90549111399996 -22.611911926329586, -44.90600738999994 -22.612546843329614, -44.90640228299994 -22.61288137432958, -44.906979267999894 -22.61318853232958, -44.90744882099993 -22.613264109329524, -44.910096126999946 -22.613092215329516, -44.91080454699995 -22.613268897329565, -44.91123831299995 -22.613619921329555, -44.91134551699994 -22.613855067329556, -44.91133780099992 -22.61432453632958, -44.910976581999975 -22.61484935832956, -44.91016740299998 -22.615678426329566, -44.90991903099995 -22.616103065329522, -44.909833771999914 -22.616610248329465, -44.91002417399994 -22.61726626132946, -44.910373007999944 -22.61782554732945, -44.91181903799995 -22.61928326132941, -44.91217420399993 -22.619747131329415, -44.912323008999984 -22.620207480329388, -44.91227286399993 -22.620875957329343, -44.911660873999914 -22.622169879329352, -44.911186709999946 -22.62276623032939, -44.90975470699995 -22.623713388329314, -44.909295218999944 -22.624279227329303, -44.90912258999996 -22.624207780329254, -44.90894996099997 -22.6241363333293, -44.90853549399996 -22.62411127932936, -44.90796561799997 -22.624357651329312, -44.90780145599999 -22.62458472832926, -44.907739956999954 -22.625512122329322, -44.90761641299994 -22.625685091329334, -44.90703214199993 -22.62592796432926, -44.90585707099994 -22.625865569329253, -44.90551059299996 -22.62610836132926, -44.90529685799996 -22.62655372532924, -44.90508985699998 -22.626750646329274, -44.904858859999955 -22.62682449332925, -44.90426105599997 -22.626786445329305, -44.90415523799991 -22.626861056329265, -44.90404942099995 -22.626935667329217, -44.90388450499998 -22.62808458532921, -44.90393023899995 -22.628790655329265, -44.90424260999995 -22.629899253329217, -44.90476343599997 -22.631053572329126, -44.90489286699993 -22.631555800329103, -44.90433098499998 -22.63354613732908, -44.90372538299996 -22.635064116329044, -44.90350195299996 -22.636917722328985, -44.90335752499991 -22.637243457329014, -44.90282150699996 -22.63793295032903, -44.902473078999904 -22.639041120328944, -44.90255235999999 -22.639461768329006, -44.902782635999934 -22.63963402532896, -44.903118434999925 -22.639728973329003, -44.90441680999988 -22.639756281328943, -44.907329434000005 -22.63920744432894, -44.908034668999996 -22.639154863329026, -44.90825386399993 -22.639229827328922, -44.908471607 -22.639414800328943, -44.90858007599992 -22.639645549328936, -44.90857124599998 -22.640307389328967, -44.90894409000001 -22.641489208328853, -44.90903559699995 -22.64248964332892, -44.90923356899999 -22.643325104328923, -44.90945090099994 -22.64376603932889, -44.91024962499995 -22.64443474832887, -44.91082623599996 -22.644705213328862, -44.91147780599996 -22.644874269328813, -44.9123594389999 -22.64486648932888, -44.91301072999996 -22.645083858328828, -44.91315520200002 -22.64521280132883, -44.91309973799996 -22.646313294328824, -44.913575691 -22.647440044328764, -44.91422771799994 -22.647866897328722, -44.91468925699994 -22.647874011328696, -44.91632975699996 -22.647417424328758, -44.91674219899998 -22.647459370328768, -44.91706963199998 -22.647754322328748, -44.9171547 -22.648514532328747, -44.91704220899993 -22.64929945632874, -44.917093241999986 -22.649646921328703, -44.91747046200001 -22.650337602328733, -44.91796432300002 -22.650709921328705, -44.918345359999925 -22.650799331328727, -44.91897469399996 -22.6507603593287, -44.92053125099995 -22.649938310328743, -44.92084584099996 -22.64982438532873, -44.92144673699993 -22.649802603328705, -44.92168718299994 -22.64993961232876, -44.92203269199993 -22.650564960328705, -44.92257620999997 -22.651144132328653, -44.923087583 -22.65125248032873, -44.92385794999997 -22.651173960328634, -44.92435615799998 -22.65121622532866, -44.924648120999976 -22.6514143013287, -44.92493238599995 -22.651890315328647, -44.92494712899993 -22.652535599328644, -44.924334866999985 -22.65327281732861, -44.924111759999995 -22.653712317328626, -44.92403152799994 -22.654260975328626, -44.92419872399992 -22.654532612328627, -44.92447317699997 -22.65464199032861, -44.92504376100001 -22.6546954773286, -44.92711181899998 -22.654612751328596, -44.92771887299994 -22.65486608732858, -44.928654566 -22.654881854328558, -44.931323820999964 -22.6558325983286, -44.932884025 -22.655779516328558, -44.93346329199997 -22.65586389432861, -44.933837868999966 -22.65612477132852, -44.933997610999945 -22.656656459328534, -44.934287725999965 -22.657059398328553, -44.93555401099994 -22.657794517328526, -44.93587684899992 -22.658792740328497, -44.93622696700001 -22.659114006328505, -44.93678634899994 -22.659366437328522, -44.93790482899993 -22.659551728328484, -44.93853201399997 -22.659840176328544, -44.938884904999945 -22.659722098328455, -44.93942067499994 -22.65974226232843, -44.940074649999964 -22.660170948328457, -44.940360312999985 -22.6602585563285, -44.94071848199994 -22.660237441328533, -44.94133037599995 -22.65984384632848, -44.94140283899999 -22.658969802328482, -44.94162884799995 -22.65870676432849, -44.94241736899991 -22.6584868593285, -44.943026177000014 -22.65797761332848, -44.943382007999965 -22.657814931328527, -44.94427767299992 -22.657802414328472, -44.94465513099997 -22.657651681328524, -44.94513426799992 -22.65729002032854, -44.94550191899996 -22.65674219932852, -44.94592848899999 -22.656379383328535, -44.946471600999985 -22.65621464232858, -44.94782764799992 -22.65619743132858, -44.94964881299997 -22.656015569328545, -44.95029281299997 -22.655740091328592, -44.950859869999896 -22.65528665332856, -44.95137616299998 -22.655099805328554, -44.952145670999975 -22.65513747132865, -44.952634442 -22.654998311328598, -44.953313190999936 -22.654255715328638, -44.95364548199999 -22.65413913032858, -44.954800100999954 -22.654042563328595, -44.95546242099995 -22.65365171732859, -44.95585034799999 -22.65316496732865, -44.95593293499998 -22.652401559328652, -44.956070293999986 -22.65207803732863, -44.95669568099994 -22.651345862328725, -44.95731018899999 -22.65091115532865, -44.95852064599995 -22.65032266332865, -44.95857686399999 -22.64994358032873, -44.958412403999965 -22.649408050328752, -44.95847126899995 -22.64901837432876, -44.95882005199994 -22.64878453832878, -44.95947043499992 -22.64878059432872, -44.95964238299994 -22.64867114732873, -44.95976465999995 -22.64828053732875, -44.95996526999993 -22.64812077232877, -44.96029774299999 -22.64807489532879, -44.96063745699995 -22.647830701328754, -44.96083173899994 -22.647190786328757, -44.96125302099999 -22.64698068532878, -44.961642901999916 -22.64664082432883, -44.96168607000002 -22.646444513328753, -44.961621476999916 -22.64628604632879, -44.96135315799992 -22.646068758328763, -44.96132272899998 -22.645791355328814, -44.961554987999925 -22.644826832328885, -44.962258342999945 -22.644448080328814, -44.96265203799992 -22.64410932232887, -44.963139694999946 -22.64395662832884, -44.96396646799996 -22.64395266332887, -44.96474623599991 -22.64367125932887, -44.96559263899996 -22.643074002328934, -44.96594072099998 -22.642983328328892, -44.96685917999994 -22.64294865832887, -44.967705333999966 -22.642384493328834, -44.968245038999946 -22.64231435432889, -44.96976736699995 -22.642877311328828, -44.97105874599996 -22.642848206328818, -44.971871860000014 -22.643184492328917, -44.97221035399995 -22.643180100328824, -44.97272137399996 -22.642864863328867, -44.973289769 -22.64278825032892, -44.97367382399997 -22.642891130328906, -44.974445401999965 -22.643295806328894, -44.9763093949999 -22.643259205328885, -44.97693595599997 -22.643335316328876, -44.97782935399991 -22.64360712532889, -44.97829088199999 -22.643614055328836, -44.97886414299999 -22.643404314328812, -44.97951627399994 -22.64285522032887, -44.980004251 -22.642638035328844, -44.98137208899993 -22.642690988328866, -44.982142491999994 -22.64244746032889, -44.982633256 -22.641876825328847, -44.98301298899999 -22.64096431032895, -44.98341436699999 -22.640670673328913, -44.983772792999964 -22.640600227328942, -44.98508264199999 -22.640645437328956, -44.98634538999993 -22.64001394032894, -44.98720202899993 -22.639836952328963, -44.98794028599999 -22.639800178328933, -44.989360983999944 -22.63936006532895, -44.98982151099995 -22.639041054328935, -44.98995754599993 -22.638661904328924, -44.990222404999905 -22.63753886132894, -44.99082466499991 -22.63650173332904, -44.99111259499994 -22.634523271329076, -44.991580416000005 -22.632698943329167, -44.99176667699996 -22.63072466732919, -44.991984096999914 -22.63020412432921, -44.99253716299993 -22.629306579329132, -44.993012506999925 -22.628078856329186, -44.993441773 -22.627596949329202, -44.994594654000004 -22.626973560329237, -44.99554008999998 -22.62576927932928, -44.99648909499999 -22.625029795329308, -44.99740461899997 -22.62379071132931, -44.99772350799998 -22.623193435329284, -44.99821419299999 -22.621567273329426, -44.998156245999986 -22.62083177832942, -44.99774769199994 -22.619098342329387, -44.99776470699992 -22.618527255329408, -44.99916154099994 -22.61663454232952, -45.00056447699994 -22.614974900329557, -45.00087783799994 -22.613896578329527, -45.00081481599996 -22.612807194329562, -45.002904004999984 -22.612019073329574, -45.003391055999955 -22.61166476232957, -45.00379804599997 -22.611149341329664, -45.004061373 -22.61105653732962, -45.00454474399993 -22.61135283432961, -45.00484220399994 -22.611274458329618, -45.005070402999905 -22.611108085329622, -45.005208422999964 -22.610786310329647, -45.00512247699995 -22.610060893329596, -45.004822492999914 -22.609657508329626, -45.00426285299998 -22.609528859329643, -45.003206909999996 -22.609836368329585, -45.00265019599994 -22.609811720329677, -45.002194109999955 -22.60953036332968, -45.002039566999954 -22.60930156032967, -45.00204232499991 -22.608991972329648, -45.002629500999916 -22.60847760832973, -45.00292070399994 -22.608004099329726, -45.00296592999996 -22.607866583329724, -45.003083774999936 -22.607508257329663, -45.003657627999985 -22.60703343132973, -45.00407869799992 -22.606332585329753, -45.004639628999975 -22.605861512329785, -45.00471809599998 -22.605675188329737, -45.00468597699998 -22.605347548329718, -45.00454116499999 -22.605178372329757, -45.00401804199996 -22.604894198329703, -45.00495150800002 -22.604804572329748, -45.00522657099995 -22.604874448329756, -45.005385627999964 -22.604989807329794, -45.005526621999906 -22.605574149329723, -45.00590701099994 -22.60579131432974, -45.006701192000016 -22.60584971632969, -45.00761028599992 -22.605329020329698, -45.00858582299999 -22.605177253329757, -45.00898651999993 -22.605024919329768, -45.00917029799994 -22.604837272329707, -45.00937938799992 -22.604173879329807, -45.00948314399998 -22.6031698303298, -45.00970378100002 -22.60292514232981, -45.01024837999997 -22.60258383832982, -45.010703183999944 -22.602527601329786, -45.01205143599993 -22.60318606632981, -45.012691120999925 -22.603163354329794, -45.01424303699999 -22.603389963329796, -45.01522254799995 -22.60380236432981, -45.01673890099992 -22.60390254432983, -45.01695352299999 -22.60398785132978, -45.017492524000005 -22.604491306329773, -45.017756733999924 -22.604444181329782, -45.01829768899993 -22.60363712232981, -45.018793849999945 -22.602427408329845, -45.019113417000014 -22.601995711329845, -45.01935604499992 -22.60181668132978, -45.01975533599992 -22.601715265329833, -45.01998982299995 -22.60176496332985, -45.020252593999935 -22.602052570329842, -45.02041902799994 -22.602085068329778, -45.021163017999946 -22.601793262329792, -45.021445021999924 -22.6011759533298, -45.02183455499991 -22.600940599329874, -45.02202921899994 -22.600541364329892, -45.022218708999986 -22.6004596513298, -45.02320613399998 -22.600557318329876, -45.023790114999976 -22.60108831332984, -45.023939873999936 -22.60107780832986, -45.024180901999976 -22.600893309329877, -45.024327746999965 -22.600629288329884, -45.02432042799998 -22.60033882432983, -45.023856780999985 -22.599636342329813, -45.02395516799996 -22.59956211532989, -45.0253177179999 -22.600106679329905, -45.026179112999934 -22.60019466432981, -45.0264417399999 -22.6001268433298, -45.02646650199991 -22.6000163083299, -45.025882433999996 -22.59950143132985, -45.02595684399992 -22.599376635329833, -45.026676092999935 -22.599373487329924, -45.027074025999994 -22.599769732329843, -45.02748646000001 -22.599869557329924, -45.02770178799998 -22.599809858329866, -45.02783572599996 -22.599668662329826, -45.02796854999993 -22.59924629532988, -45.02814877299993 -22.599172118329875, -45.029855250999994 -22.599150192329926, -45.03013613799996 -22.599354636329874, -45.03009648599996 -22.599499263329935, -45.02973157399997 -22.599701089329844, -45.029717590999965 -22.599825650329844, -45.029839165999896 -22.600142136329914, -45.02984287199994 -22.600846010329867, -45.03009780599998 -22.600895930329827, -45.0303716189999 -22.60074635932989, -45.030708815999915 -22.600208173329865, -45.031004004999915 -22.59995503832989, -45.03132256799997 -22.599866132329907, -45.03184938699995 -22.599840674329847, -45.032535147999944 -22.599589452329845, -45.03274031799996 -22.59961065232991, -45.03333454700001 -22.600059824329847, -45.033645866 -22.60005198132991, -45.033980251999964 -22.59991470632993, -45.03408969999996 -22.599670983329844, -45.03401684999998 -22.599339288329844, -45.03352756499999 -22.598954116329875, -45.03351075099993 -22.59883859332991, -45.03375486799997 -22.59872586632991, -45.034951183000004 -22.598608516329886, -45.03579664699997 -22.598328510329907, -45.03626867899995 -22.597948167329893, -45.037297869999925 -22.597749038329937, -45.03737679899998 -22.597838453329867, -45.03715432299995 -22.598231705329887, -45.037074067999974 -22.598610440329868, -45.03732386299995 -22.59888835732985, -45.03750922800001 -22.59889950332989, -45.03781457399996 -22.59859498832992, -45.037942214999944 -22.598042505329875, -45.03805175499996 -22.59790173832996, -45.03848321099995 -22.597814582329946, -45.03902570299989 -22.59720535532991, -45.039248126000004 -22.597126335329943, -45.04111588499991 -22.597125733329985, -45.042460967999915 -22.59765487532996, -45.04441384699993 -22.59758911032994, -45.04457251299992 -22.598054469329888, -45.044803208 -22.5982220983299, -45.04648914699995 -22.597976829329856, -45.04667866700001 -22.598193213329907, -45.04619538199999 -22.598791420329913, -45.046197693999915 -22.59900999632988, -45.04631403199995 -22.5991981653299, -45.04674226099994 -22.599280016329914, -45.04755545399998 -22.598792246329893, -45.04810830299991 -22.598770857329903, -45.04831439699999 -22.5988825123299, -45.04837578699992 -22.599031834329907, -45.04830900399999 -22.599294045329923, -45.047920551999916 -22.599917192329865, -45.04801461399996 -22.600207983329856, -45.04848524499991 -22.600222341329886, -45.048997665999956 -22.59976002832993, -45.04955331000001 -22.599695816329856, -45.049767471999964 -22.599549178329887, -45.04961499999996 -22.59889883732992, -45.049767481999965 -22.598801614329876, -45.05019161999997 -22.598766843329923, -45.05094308299998 -22.59895695732993, -45.05156789399998 -22.59883299032989, -45.051809008999946 -22.598885696329898, -45.051836651000016 -22.599134322329856, -45.0514295089999 -22.599685722329816, -45.051303730999976 -22.60015059532981, -45.05070323799995 -22.600723545329863, -45.050732610999965 -22.60085587932988, -45.05106531599996 -22.601073006329816, -45.05186316499991 -22.60086548632988, -45.05237256699995 -22.600838105329835, -45.05260266899998 -22.60068607632988, -45.05258466799991 -22.599945571329904, -45.05285127999994 -22.59972662032982, -45.053312728999934 -22.599627649329893, -45.05399721799999 -22.599709304329902, -45.055184671999925 -22.600101632329842, -45.05585056099995 -22.600169720329884, -45.05735289099991 -22.600753996329896, -45.05804140299993 -22.600818847329844, -45.05823910399995 -22.600730378329896, -45.05838995800001 -22.60044862432986, -45.05832839099997 -22.599254476329843, -45.058504158999945 -22.599009013329884, -45.05895509699996 -22.599011510329916, -45.061145280999895 -22.59958087632985, -45.06180028300001 -22.599576714329864, -45.06315408399993 -22.599359505329833, -45.063533831 -22.59939298032985, -45.064943479999926 -22.599230762329928, -45.065225291999965 -22.599092306329936, -45.06561310199991 -22.598732283329905, -45.06596425100001 -22.598201918329917, -45.06682301699992 -22.596143475329995, -45.067297316999905 -22.59574165532998, -45.067608632999985 -22.595613771329965, -45.06835697799991 -22.595732009329982, -45.07048166499994 -22.59708372832997, -45.07170765199995 -22.597632955329928, -45.07373507200002 -22.598353455329832, -45.07418733999995 -22.59839537732993, -45.07524480699996 -22.598194864329958, -45.07649132199998 -22.59779882832988, -45.07702929599999 -22.597736229329943, -45.07890044199993 -22.598328094329876, -45.082107789 -22.59912330132993, -45.08341489299997 -22.599219400329876, -45.08477939299997 -22.5990016943299, -45.08517232099997 -22.5988621473299, -45.08608353999997 -22.598317761329906, -45.090261072999944 -22.594911453329967, -45.09143530599993 -22.594201516329946, -45.094477031999894 -22.592621823330017, -45.09573936599998 -22.591378570330033, -45.096932481999936 -22.591112822330075, -45.098145271000014 -22.590588487330137, -45.09974422199997 -22.590554517330087, -45.10017095800001 -22.590433792330046, -45.10097107099996 -22.58999332333011, -45.102295669999954 -22.590043652330102, -45.10265369500001 -22.58970515333008, -45.10261483799998 -22.589282194330092, -45.10217245799997 -22.589103013330107, -45.101012018999974 -22.588939927330106, -45.100721265999894 -22.58882637033013, -45.09959853599999 -22.58790070033012, -45.098774802999955 -22.587367497330156, -45.096604758000005 -22.58641295933016, -45.09590801399999 -22.58584463933023, -45.095703956999984 -22.585295319330175, -45.09579268499994 -22.58494831533025, -45.09613833399995 -22.584515139330215, -45.09685722499993 -22.583989642330263, -45.09848585999994 -22.58342097033021, -45.10090199800001 -22.582846256330274, -45.10180638199997 -22.58232912033022, -45.10268227699997 -22.581559709330353, -45.10428017099993 -22.580622174330337, -45.104693332999915 -22.580183720330307, -45.10487981399997 -22.57980087933035, -45.10512398599993 -22.578255421330322, -45.105431066999934 -22.577453888330368, -45.106140527000015 -22.576410285330375, -45.10762193599994 -22.574907591330422, -45.10829907600001 -22.57364014433047, -45.10827619599998 -22.57327088833048, -45.107026795999985 -22.572436839330507, -45.10572977799996 -22.57102892233058, -45.10336299999998 -22.56729077433063, -45.10294473799992 -22.56649871233066, -45.10276794499995 -22.56503045633071, -45.10295883699994 -22.563825904330645, -45.103351463999914 -22.563176800330687, -45.10386255699992 -22.562698938330772, -45.104139515000014 -22.56254310733076, -45.104990544999986 -22.562065074330743, -45.10557818299994 -22.56133711333075, -45.10583717299996 -22.560796176330765, -45.106184920999965 -22.55966557333077, -45.10654068099991 -22.558938327330836, -45.10731792400001 -22.557807977330853, -45.10780495599998 -22.55528999833095, -45.10815444299994 -22.553483468330995, -45.10816672799998 -22.551876041330992, -45.108406663999936 -22.548869967331033, -45.108663846 -22.54763231433106, -45.10978070799994 -22.545614408331126, -45.11162191899996 -22.543674643331162, -45.11192461299996 -22.543028630331197, -45.112115544999945 -22.541835686331197, -45.11187403099995 -22.540975433331266, -45.111028669999904 -22.53979918533132, -45.110334108999986 -22.53775013933129, -45.110090374999984 -22.537512951331305, -45.10880994000001 -22.536952185331366, -45.10849595299996 -22.536385233331373, -45.10876567299997 -22.53486174233138, -45.10873688 -22.53274259933142, -45.10908694599992 -22.53195055033145, -45.11022540899997 -22.530439683331444, -45.11047991499997 -22.529407808331527, -45.11048161499994 -22.52846059033152, -45.11038297399995 -22.527604582331588, -45.11005321499993 -22.526965145331545, -45.10977606499991 -22.526687632331594, -45.10825571999998 -22.525650853331545, -45.10785439899998 -22.525109571331623, -45.10782692500001 -22.52482602433161, -45.107914284999964 -22.524452958331658, -45.10839051299994 -22.523455608331584, -45.10867418099996 -22.522288341331667, -45.108851181999945 -22.521959575331746, -45.11005830999991 -22.520771201331673, -45.11043389299989 -22.519959944331717, -45.110538901999966 -22.518965551331704, -45.109931510999985 -22.51665180033181, -45.110005983999926 -22.5161007403318, -45.11099903199993 -22.514848703331886, -45.112193531999914 -22.512147307331894, -45.11274875500003 -22.511403162331895, -45.11387295099997 -22.510502089331965, -45.11473598799996 -22.510057702331977, -45.11525891199997 -22.509890196331973, -45.11765471599996 -22.50953224833195, -45.11865470100001 -22.509243953331985, -45.11938585399993 -22.508851425332033, -45.11973480899994 -22.508542775331993, -45.120618816999986 -22.507378702332062, -45.12086207899995 -22.506896837332, -45.12104112799993 -22.50627805033206, -45.12144385199995 -22.50369623933211, -45.12251858099996 -22.501306914332183, -45.12324949099995 -22.499993874332198, -45.12435850899997 -22.49722137233228, -45.12298800299991 -22.497429509332264, -45.122127446999926 -22.49733776133231, -45.12096057799993 -22.496862174332232, -45.118540793999905 -22.49488822733238, -45.11656434799998 -22.49352943033234, -45.11200098399997 -22.493476209332368, -45.10340251299997 -22.490308390332352, -45.10282604099996 -22.48990834633248, -45.10024549099996 -22.488117565332505, -45.097323976999995 -22.485068417332528, -45.09482268399998 -22.484607416332583, -45.09282476299997 -22.483601814332534, -45.091125486999964 -22.483097821332596, -45.088347548999884 -22.483455144332574, -45.08648755400001 -22.484416020332556, -45.08417753199992 -22.486134723332533, -45.08308975099989 -22.486472634332507, -45.082645802999934 -22.48636772233253, -45.08037827699998 -22.485075925332527, -45.07956868699996 -22.48431707633255, -45.076812521 -22.481006384332613, -45.07570217099996 -22.480111959332607, -45.07317846499997 -22.47865922933271, -45.071536899999955 -22.477369469332693, -45.071158158999964 -22.47725020733269, -45.07017815499997 -22.477502633332694, -45.06842933099996 -22.4775714043327, -45.06581730999992 -22.4770645503327, -45.063850467999906 -22.475387126332766, -45.06201893299997 -22.473499567332862, -45.06068714199991 -22.47255442633285, -45.0578777329999 -22.47139919833286, -45.054928890999975 -22.47050396133288, -45.05148472699994 -22.47002819433287, -45.04904184399997 -22.469873309332932, -45.04606957599997 -22.469325799332942, -45.04348943799993 -22.46923132633286, -45.04209212799995 -22.469554627332954, -45.04054430999995 -22.469271606332907, -45.03690824200003 -22.46666774233299, -45.03543102399992 -22.466467351332934, -45.03414988899997 -22.465975154332988, -45.03223226799992 -22.464536548333015, -45.02840338699994 -22.463197654333023, -45.02676680999998 -22.463653570333072, -45.02514888399996 -22.464871436333, -45.025002528999934 -22.46588123633304, -45.027114554999976 -22.46901723333291)))'::geometry);

-- ************************* PERFIL ************************************************************************
INSERT INTO portal_seguranca.perfil
    (id, nome, codigo)
VALUES ('d66df945-104d-4412-a1ee-0d0659bf86b5', 'Administrador', 'ADMINISTRADOR');

INSERT INTO portal_seguranca.perfil
    (id, nome, codigo)
VALUES ('aae3d727-2f2c-4539-a2a0-0ce34ecf5529', 'Analista', 'ANALISTA');

INSERT INTO portal_seguranca.perfil
    (id, nome, codigo)
VALUES ('8abc3181-d4d9-40ab-8477-5202074afae3', 'Cidadão', 'CIDADAO');

-- ************************* RELACAO USUARIO PERFIL ************************************************************************
INSERT INTO portal_seguranca.usuario_perfil
    (id_usuario, id_perfil)
VALUES ('99b551f8-f532-40a0-b63f-094661844bd8', 'd66df945-104d-4412-a1ee-0d0659bf86b5');

INSERT INTO portal_seguranca.usuario_perfil
    (id_usuario, id_perfil)
VALUES ('5c51b22c-4b51-44fd-932b-505a9428f4ca', 'aae3d727-2f2c-4539-a2a0-0ce34ecf5529');

INSERT INTO portal_seguranca.usuario_perfil
    (id_usuario, id_perfil)
VALUES ('f34bd4aa-94a3-4df4-9c1e-fcbe7c714185', '8abc3181-d4d9-40ab-8477-5202074afae3');

-- ************************* RELACAO GRUPO PERFIL ************************************************************************
INSERT INTO portal_seguranca.grupo_perfil
    (id_grupo, id_perfil)
VALUES ('4d3c1497-af40-4ddf-8b06-d8f40c8df139', 'd66df945-104d-4412-a1ee-0d0659bf86b5');

-- ************************* MODULO ************************************************************************
INSERT INTO portal_seguranca.modulo (id, nome, codigo, url, ativo)
VALUES (gen_random_uuid(), 'Prefeituras', 'PREFEITURA', 'https://www.vallengeo.com.br/prefeituras', TRUE);

INSERT INTO portal_seguranca.modulo (id, nome, codigo, url, ativo)
VALUES (gen_random_uuid(), 'Cidadão', 'CIDADAO', 'https://www.vallengeo.com.br/cidadao', TRUE);

-- ************************* TELA ************************************************************************
INSERT INTO portal_seguranca.tela (id, nome, codigo, id_modulo)
VALUES (gen_random_uuid(), 'Home', 'HOME', (SELECT id FROM portal_seguranca.modulo WHERE codigo = 'PREFEITURA'));

INSERT INTO portal_seguranca.tela (id, nome, codigo, id_modulo)
VALUES (gen_random_uuid(), 'Imóvel', 'IMOVEL', (SELECT id FROM portal_seguranca.modulo WHERE codigo = 'PREFEITURA'));

INSERT INTO portal_seguranca.tela (id, nome, codigo, id_modulo)
VALUES (gen_random_uuid(), 'Protocolo', 'PROTOCOLO',
        (SELECT id FROM portal_seguranca.modulo WHERE codigo = 'PREFEITURA'));

INSERT INTO portal_seguranca.tela (id, nome, codigo, id_modulo)
VALUES (gen_random_uuid(), 'Relatório', 'RELATORIO',
        (SELECT id FROM portal_seguranca.modulo WHERE codigo = 'PREFEITURA'));

-- ************************* RELACAO GRUPO MODULO ************************************************************************
INSERT INTO portal_seguranca.grupo_modulo (id_grupo, id_modulo)
VALUES ((SELECT id FROM portal_seguranca.grupo WHERE codigo = 'CRUZEIRO'),
        (SELECT id FROM portal_seguranca.modulo WHERE codigo = 'PREFEITURA'));

INSERT INTO portal_seguranca.grupo_modulo (id_grupo, id_modulo)
VALUES ((SELECT id FROM portal_seguranca.grupo WHERE codigo = 'CRUZEIRO'),
        (SELECT id FROM portal_seguranca.modulo WHERE codigo = 'CIDADAO'));

-- ************************* RELACAO GRUPO USUARIO ************************************************************************
INSERT INTO portal_seguranca.grupo_usuario (id_grupo, id_usuario)
VALUES ((SELECT id FROM portal_seguranca.grupo WHERE codigo = 'CRUZEIRO'), '99b551f8-f532-40a0-b63f-094661844bd8');

-- ************************* PERMISSAO ************************************************************************
-- HOME
INSERT INTO portal_seguranca.permissao (codigo, descricao, id_tela)
VALUES ('HOME_ULTIMO_PROCESSO_VISUALIZAR', 'Visualizar últimos processos na tela home',
        (SELECT id FROM portal_seguranca.tela WHERE codigo = 'HOME'));

INSERT INTO portal_seguranca.permissao (codigo, descricao, id_tela)
VALUES ('HOME_ATUALIZACAO_PROCESSO_VISUALIZAR', 'Visualizar histórico de atualizações de processos na tela home',
        (SELECT id FROM portal_seguranca.tela WHERE codigo = 'HOME'));

INSERT INTO portal_seguranca.permissao (codigo, descricao, id_tela)
VALUES ('HOME_RESUMO_IMOVEL_VISUALIZAR', 'Visualizar resumo de imóveis na tela home',
        (SELECT id FROM portal_seguranca.tela WHERE codigo = 'HOME'));

INSERT INTO portal_seguranca.permissao (codigo, descricao, id_tela)
VALUES ('HOME_RESUMO_IMOVEL_EDITAR', 'Editar resumo de imóveis na tela home',
        (SELECT id FROM portal_seguranca.tela WHERE codigo = 'HOME'));

INSERT INTO portal_seguranca.permissao (codigo, descricao, id_tela)
VALUES ('HOME_RESUMO_IMOVEL_DOWNLOAD', 'Realizar download do resumo de imóveis na tela home',
        (SELECT id FROM portal_seguranca.tela WHERE codigo = 'HOME'));

INSERT INTO portal_seguranca.permissao (codigo, descricao, id_tela)
VALUES ('HOME_RESUMO_IMOVEL_ARQUIVAR', 'Arquivar resumo de imóveis na tela home',
        (SELECT id FROM portal_seguranca.tela WHERE codigo = 'HOME'));

-- IMOVEL
INSERT INTO portal_seguranca.permissao (codigo, descricao, id_tela)
VALUES ('IMOVEL_CADASTRAR', 'Cadastrar novo imóvel', (SELECT id FROM portal_seguranca.tela WHERE codigo = 'IMOVEL'));

INSERT INTO portal_seguranca.permissao (codigo, descricao, id_tela)
VALUES ('IMOVEL_LISTA_IMOVEL_VISUALIZAR', 'Visualizar o imóvel na tela imóvel',
        (SELECT id FROM portal_seguranca.tela WHERE codigo = 'IMOVEL'));

INSERT INTO portal_seguranca.permissao (codigo, descricao, id_tela)
VALUES ('IMOVEL_LISTA_IMOVEL_RELATORIO', 'Visualizar o relatório do imóvel na tela imóvel',
        (SELECT id FROM portal_seguranca.tela WHERE codigo = 'IMOVEL'));

INSERT INTO portal_seguranca.permissao (codigo, descricao, id_tela)
VALUES ('IMOVEL_LISTA_IMOVEL_ARQUIVAR', 'Arquivar o imóvel na tela imóvel',
        (SELECT id FROM portal_seguranca.tela WHERE codigo = 'IMOVEL'));

-- PROTOCOLO
INSERT INTO portal_seguranca.permissao (codigo, descricao, id_tela)
VALUES ('PROTOCOLO_LISTA_PROCESSO_VISUALIZAR', 'Visualizar o processo na tela processo',
        (SELECT id FROM portal_seguranca.tela WHERE codigo = 'PROTOCOLO'));

INSERT INTO portal_seguranca.permissao (codigo, descricao, id_tela)
VALUES ('PROTOCOLO_LISTA_PROCESSO_RELATORIO', 'Visualizar o relatório do processo na tela processo',
        (SELECT id FROM portal_seguranca.tela WHERE codigo = 'PROTOCOLO'));

INSERT INTO portal_seguranca.permissao (codigo, descricao, id_tela)
VALUES ('PROTOCOLO_LISTA_PROCESSO_ARQUIVAR', 'Arquivar o processo na tela processo',
        (SELECT id FROM portal_seguranca.tela WHERE codigo = 'PROTOCOLO'));

-- RELATORIO
INSERT INTO portal_seguranca.permissao (codigo, descricao, id_tela)
VALUES ('RELATORIO_GERAR', 'Gerar o relatório na tela relatório',
        (SELECT id FROM portal_seguranca.tela WHERE codigo = 'RELATORIO'));

INSERT INTO portal_seguranca.permissao (codigo, descricao, id_tela)
VALUES ('RELATORIO_RESUMO_IMOVEL_DOWNLOAD', 'Realizar download do resumo de imóveis na tela relatório',
        (SELECT id FROM portal_seguranca.tela WHERE codigo = 'RELATORIO'));

-- ************************* RELACAO USUARIO PERFIL TELA PERMISSAO **************************************************
-- HOME
INSERT INTO portal_seguranca.usuario_perfil_tela_permissao (id_usuario, id_perfil, id_tela, codigo_permissao)
VALUES ('99b551f8-f532-40a0-b63f-094661844bd8', 'd66df945-104d-4412-a1ee-0d0659bf86b5',
        (SELECT id FROM portal_seguranca.tela WHERE codigo = 'HOME'), 'HOME_ULTIMO_PROCESSO_VISUALIZAR');

INSERT INTO portal_seguranca.usuario_perfil_tela_permissao (id_usuario, id_perfil, id_tela, codigo_permissao)
VALUES ('99b551f8-f532-40a0-b63f-094661844bd8', 'd66df945-104d-4412-a1ee-0d0659bf86b5',
        (SELECT id FROM portal_seguranca.tela WHERE codigo = 'HOME'), 'HOME_ATUALIZACAO_PROCESSO_VISUALIZAR');

INSERT INTO portal_seguranca.usuario_perfil_tela_permissao (id_usuario, id_perfil, id_tela, codigo_permissao)
VALUES ('99b551f8-f532-40a0-b63f-094661844bd8', 'd66df945-104d-4412-a1ee-0d0659bf86b5',
        (SELECT id FROM portal_seguranca.tela WHERE codigo = 'HOME'), 'HOME_RESUMO_IMOVEL_VISUALIZAR');

INSERT INTO portal_seguranca.usuario_perfil_tela_permissao (id_usuario, id_perfil, id_tela, codigo_permissao)
VALUES ('99b551f8-f532-40a0-b63f-094661844bd8', 'd66df945-104d-4412-a1ee-0d0659bf86b5',
        (SELECT id FROM portal_seguranca.tela WHERE codigo = 'HOME'), 'HOME_RESUMO_IMOVEL_EDITAR');

INSERT INTO portal_seguranca.usuario_perfil_tela_permissao (id_usuario, id_perfil, id_tela, codigo_permissao)
VALUES ('99b551f8-f532-40a0-b63f-094661844bd8', 'd66df945-104d-4412-a1ee-0d0659bf86b5',
        (SELECT id FROM portal_seguranca.tela WHERE codigo = 'HOME'), 'HOME_RESUMO_IMOVEL_DOWNLOAD');

INSERT INTO portal_seguranca.usuario_perfil_tela_permissao (id_usuario, id_perfil, id_tela, codigo_permissao)
VALUES ('99b551f8-f532-40a0-b63f-094661844bd8', 'd66df945-104d-4412-a1ee-0d0659bf86b5',
        (SELECT id FROM portal_seguranca.tela WHERE codigo = 'HOME'), 'HOME_RESUMO_IMOVEL_ARQUIVAR');

-- IMOVEL
INSERT INTO portal_seguranca.usuario_perfil_tela_permissao (id_usuario, id_perfil, id_tela, codigo_permissao)
VALUES ('99b551f8-f532-40a0-b63f-094661844bd8', 'd66df945-104d-4412-a1ee-0d0659bf86b5',
        (SELECT id FROM portal_seguranca.tela WHERE codigo = 'IMOVEL'), 'IMOVEL_CADASTRAR');

INSERT INTO portal_seguranca.usuario_perfil_tela_permissao (id_usuario, id_perfil, id_tela, codigo_permissao)
VALUES ('99b551f8-f532-40a0-b63f-094661844bd8', 'd66df945-104d-4412-a1ee-0d0659bf86b5',
        (SELECT id FROM portal_seguranca.tela WHERE codigo = 'IMOVEL'), 'IMOVEL_LISTA_IMOVEL_VISUALIZAR');

INSERT INTO portal_seguranca.usuario_perfil_tela_permissao (id_usuario, id_perfil, id_tela, codigo_permissao)
VALUES ('99b551f8-f532-40a0-b63f-094661844bd8', 'd66df945-104d-4412-a1ee-0d0659bf86b5',
        (SELECT id FROM portal_seguranca.tela WHERE codigo = 'IMOVEL'), 'IMOVEL_LISTA_IMOVEL_RELATORIO');

INSERT INTO portal_seguranca.usuario_perfil_tela_permissao (id_usuario, id_perfil, id_tela, codigo_permissao)
VALUES ('99b551f8-f532-40a0-b63f-094661844bd8', 'd66df945-104d-4412-a1ee-0d0659bf86b5',
        (SELECT id FROM portal_seguranca.tela WHERE codigo = 'IMOVEL'), 'IMOVEL_LISTA_IMOVEL_ARQUIVAR');

-- PROTOCOLO
INSERT INTO portal_seguranca.usuario_perfil_tela_permissao (id_usuario, id_perfil, id_tela, codigo_permissao)
VALUES ('99b551f8-f532-40a0-b63f-094661844bd8', 'd66df945-104d-4412-a1ee-0d0659bf86b5',
        (SELECT id FROM portal_seguranca.tela WHERE codigo = 'PROTOCOLO'), 'PROTOCOLO_LISTA_PROCESSO_VISUALIZAR');

INSERT INTO portal_seguranca.usuario_perfil_tela_permissao (id_usuario, id_perfil, id_tela, codigo_permissao)
VALUES ('99b551f8-f532-40a0-b63f-094661844bd8', 'd66df945-104d-4412-a1ee-0d0659bf86b5',
        (SELECT id FROM portal_seguranca.tela WHERE codigo = 'PROTOCOLO'), 'PROTOCOLO_LISTA_PROCESSO_RELATORIO');

INSERT INTO portal_seguranca.usuario_perfil_tela_permissao (id_usuario, id_perfil, id_tela, codigo_permissao)
VALUES ('99b551f8-f532-40a0-b63f-094661844bd8', 'd66df945-104d-4412-a1ee-0d0659bf86b5',
        (SELECT id FROM portal_seguranca.tela WHERE codigo = 'PROTOCOLO'), 'PROTOCOLO_LISTA_PROCESSO_ARQUIVAR');

-- RELATORIO
INSERT INTO portal_seguranca.usuario_perfil_tela_permissao (id_usuario, id_perfil, id_tela, codigo_permissao)
VALUES ('99b551f8-f532-40a0-b63f-094661844bd8', 'd66df945-104d-4412-a1ee-0d0659bf86b5',
        (SELECT id FROM portal_seguranca.tela WHERE codigo = 'RELATORIO'), 'RELATORIO_GERAR');

INSERT INTO portal_seguranca.usuario_perfil_tela_permissao (id_usuario, id_perfil, id_tela, codigo_permissao)
VALUES ('99b551f8-f532-40a0-b63f-094661844bd8', 'd66df945-104d-4412-a1ee-0d0659bf86b5',
        (SELECT id FROM portal_seguranca.tela WHERE codigo = 'RELATORIO'), 'RELATORIO_RESUMO_IMOVEL_DOWNLOAD');